[
  {
    "nombre": "Cuadernillo de Estimulaci\u00f3n",
    "descripcion": "Actividades imprimibles para ni\u00f1os con TEA y desaf\u00edos del lenguaje.",
    "precio": 2000,
    "imagen": "cuadernillo.jpg"
  },
  {
    "nombre": "Consulta Diagn\u00f3stica Inicial",
    "descripcion": "Primera entrevista con el equipo interdisciplinario.",
    "precio": 8000,
    "imagen": "consulta.jpg"
  },
  {
    "nombre": "Taller de Psicomotricidad",
    "descripcion": "Sesi\u00f3n grupal orientada al desarrollo corporal y emocional.",
    "precio": 5000,
    "imagen": "psicomotricidad.jpg"
  }
]